"","KENYA_30_SAMPLE_POOL_20M","KENYA_30_SAMPLE_POOL_50M","KENYA_30_SAMPLE_POOL","KENYA_POP_POOL_20M","KENYA_POP_POOL_50M","UK_30_SAMPLE_POOL_20M","UK_30_SAMPLE_POOL_50M","UK_30_SAMPLE_POOL","UK_POP_POOL_20M","UK_POP_POOL_50M"
"ARO:3000010",0,0,0,0,0,0,0,0,1.27561174632554,2.16074060642927
"ARO:3000013",0,0,0,0,0,0,0,0.998442429809497,1.57027667296951,3.60005908274045
"ARO:3000024",0,1.00126422250316,1.00126422250316,1.00563153660499,0,0,0,0,0,0
"ARO:3000025",0,0.998701687805852,0.727452023385336,0.500631230682164,0.500631230682164,0,0,0,0,0
"ARO:3000026",0,0,0,0.498872115217769,0,0,0,0,0,0
"ARO:3000027",20.1172293265132,53.7937766410912,203.168456947997,14.5648013640239,38.9888380221654,30.842747655584,75.2317851662404,270.532626598465,52.612862745098,126.617787723785
"ARO:3000074",11.4833161334709,30.3003573749188,112.983449364151,10.0111018286457,25.0472040668119,18.6047792363582,65.4693121693122,195.627030539311,31.6283483879234,111.357198938705
"ARO:3000124",0,1.00042766373412,1.00042766373412,0,0,0,0,0,0,0
"ARO:3000149",6.71558263897525,3.74097007223942,15.6705471604298,0,1.95808350888565,0,0,0,0,0
"ARO:3000165",36.5587764705882,85.7291498039216,315.398021960784,31.1564980392157,76.8888258823529,21.7143535853767,61.3058165924857,211.439420392157,74.4110870588235,183.019954509804
"ARO:3000166",19.4362082493867,51.7059799043996,195.697651373523,18.333366603198,46.3323754642342,37.1905875702162,86.8564588296024,334.646709981918,30.9061065197429,67.6884232486079
"ARO:3000167",0,0,0.728003377935674,0,0,0,0,1.00083963056255,0,0
"ARO:3000168",1.65157013458296,4.03123544303797,15.5611274261603,2.75966987549072,6.5375611814346,0,0,0,2.85231392405063,7.56917974683544
"ARO:3000177",1.00250626566416,1.00250626566416,2.03326944813013,0,0,2.47932330827068,9.40685045948204,30.1290322580645,2.07231860570153,3.06721865085675
"ARO:3000178",0.500901622921258,0,0.719037335636817,0.500384911470362,1.06753541423928,0.737590893134748,1.72092068852305,3.50180217391304,0.500901622921258,0.727076428153636
"ARO:3000179",2.22936911390071,5.01486179555767,18.2937994173949,2.90897782753366,8.28973471741638,3.02777389657367,8.01499628582681,24.0286748360472,3.33104476051978,6.83136327817179
"ARO:3000180",0,0,0.499885932069192,0,0,0,0,1.49965779620758,0,0
"ARO:3000182",1.16531881077038,2.05490510998615,6.6671510709547,1.001885902876,1.13663165996326,0,0,0,0,0
"ARO:3000183",0,0,0,0,0,0,0.999000999000999,1.998001998002,0.648180648180648,0.999000999000999
"ARO:3000186",20.5409520833333,47.1418125,174.679455208333,36.6247291666667,94.6247901041667,33.3725729166667,85.798159375,303.292109375,23.7916927083333,59.320503125
"ARO:3000190",14.315105369515,35.9078338553531,119.277880604797,23.8048231792717,60.0640478209812,12.6633507853403,30.6797130257212,111.984118656587,6.44624864237757,16.9003468208092
"ARO:3000191",28.2585395136778,70.0185714285714,260.157319148936,32.5101899696049,78.6083044579534,29.8456540020263,73.3987234042553,264.879223910841,21.0635724417427,49.2379939209726
"ARO:3000192",0,1.00470661218325,0.749412737299499,0.837753641491959,1.01290106834222,0.52622716174118,0.629367685442452,0.89154045062032,1.68880948017836,2.45695370483888
"ARO:3000193",2.77994526013368,6.53118977968447,24.511756106538,5.02320914590853,14.9917516345517,1.54923467806903,0.889332762638512,1.78184770840852,0,0.953755735423004
"ARO:3000194",22.1679458734456,52.8363830321285,190.773928357314,32.0948054885404,77.0738549187726,22.8722571942446,54.8499899719214,197.119784172662,18.0240971803378,43.4959336141195
"ARO:3000195",0,0.902898752489271,1.27554826087912,0.950679292468072,1.42179956279298,0.500389565030494,0.997420810832595,0.748568234736818,1.00077913006099,0
"ARO:3000196",3.1793550262945,5.54810052306867,16.4135359375,2.7780297532656,5.11345029239766,1.72104499619482,3.63747992505353,14.0268541666667,1.38671875,4.8476374452954
"ARO:3000205",3.70698827159801,8.99579753032059,30.1919044049278,3.02969005845517,4.9537754075588,7.89764804620641,16.6249259705184,66.3618315559062,1.79349356727249,8.57269705996798
"ARO:3000206",24.1642518939394,56.7764583333333,223.553850378788,16.9019678030303,43.1533115530303,50.1641306818182,122.076115530303,427.651416666667,54.9364204545455,134.931300189394
"ARO:3000215",0,0,0.997122398447434,0,0.745963315569926,0.822046680612132,0.968952361177799,2.44472098668079,0.642883207761822,1.03094735284044
"ARO:3000216",26.8158222222222,64.6646,246.018765714286,19.93624,50.3225047619048,66.6144488888889,169.135573333333,606.822462857143,91.0939555555556,234.024033333333
"ARO:3000230",0,0,0.999245014877648,0,1.67971853365112,0,0,0,0,1.59663137840705
"ARO:3000237",28.0228602150538,68.1123991935484,244.435389784946,19.3982204301075,53.8535215053763,66.2410483870968,159.538586021505,584.485836693548,94.4911068548387,244.015778225806
"ARO:3000250",0,0,0,1.0030289488058,1.38067061143984,0.694226408512123,2.06606502622258,6.01999841293888,1.60186064795099,1.43948601662887
"ARO:3000251",0,0,0,0,0,0,0.6581961625711,1.11638789831762,1.00244596816232,1.00183842515131
"ARO:3000254",16.0230151331092,35.6011024960001,143.019013024156,12.9853529592816,29.6424675605962,27.6662900468912,76.3845227341162,258.296680372396,28.8670005247117,75.6011348048385
"ARO:3000263",24.7656354166667,65.8514765625,246.616643229167,20.3919661458333,44.2591796875,80.4218125,199.1670625,739.8223984375,92.6546614583333,239.997411458333
"ARO:3000300",1.00200400801603,0.995323981295925,1.43238716238447,0.998595831118018,0.685515850677635,3.75484727416617,5.01555718071214,21.0318293669341,4.99151669513082,9.2061971541494
"ARO:3000316",14.768233995585,32.1009867549669,120.221666666667,50.6508013245033,128.155065121413,31.5904812362031,75.7102693156733,272.862392935982,72.9363443708609,183.390470198676
"ARO:3000318",7.04983295182642,10.1090929550453,53.1947064989518,9.45477390423036,14.7730042502625,8.80050738897249,23.1459119496855,73.862447257384,14.8968529081956,25.3397155646212
"ARO:3000319",0,0,0,0,0,0,0,0,0.998003992015968,0
"ARO:3000347",0,0.539257981018119,1.09338564039625,0,0,0,0.999600159936026,2.25955245278314,0,1.4164840976052
"ARO:3000368",0.998961080476305,0.861245001114121,2.06548347613219,0,0.998807394156231,0,0,0.802572526788207,0,0.897831879844961
"ARO:3000375",2.17376574240418,4.10901013622752,17.9587496594694,3.47403927303417,3.69774654172245,6.18290957424002,14.8858330650309,59.0901928959361,6.4754825039673,18.0707561918118
"ARO:3000377",5.81209443306011,11.0600525534938,44.2696004680709,1.14781563331287,2.41533995376208,0,1.71677646280253,4.04660263251512,0.750749074967825,1.00263781223084
"ARO:3000378",4.45803046297693,11.7486843733143,43.1046225053614,1.59970891890663,2.40633021586121,1.05686778614684,1.59805373844407,4.16726659290301,0.750681144121048,0.773814071951608
"ARO:3000379",2.8471628679962,7.97155555555555,27.2744032921811,1.15234857585904,1.56623672255611,1.54503123367283,1.25663564370269,3.82817044244969,1.32827141173516,1.09342826846197
"ARO:3000391",0,0,0,0,0,0.928611503511567,2.5051719559922,6.18685567010309,0,1.03455786263976
"ARO:3000410",30.1839583333333,92.1901428571428,315.114904761905,33.7493333333333,94.009255952381,34.3922964285714,87.5510297619048,315.890880952381,82.2066642857143,208.406223809524
"ARO:3000412",173.03625,413.898787990196,1548.47857843137,106.158191176471,292.167017156863,57.3400208333333,154.247055147059,531.801911764706,152.966970588235,358.363553921569
"ARO:3000413",0,0.64551221558142,1.96275,0,0.685672774713871,0,0,0,3.88949201254497,9.71907575757576
"ARO:3000478",0,0.997803492981892,0.997803492981892,1.00081699346405,1.00393264650493,1.41202916619442,2.23339348794348,2.98590795889017,0,1.50060024009604
"ARO:3000491",17.0577716763006,50.4384393063584,175.110235067437,16.5251926782274,41.9151650610148,55.900880539499,135.666835260116,493.874335260116,85.310368657675,211.5428477842
"ARO:3000498",5.37967519391853,15.3513732833958,50.5844618271426,10.8354010611735,26.2049876053291,17.3761254536774,44.0156581381707,159.627447367497,12.2298655732322,31.6689273199955
"ARO:3000499",16.0798540587219,41.1575682210708,156.063639896373,17.4718860103627,37.4702245250432,33.1117858376511,92.4666018998273,333.505779792746,59.3068117443869,136.387564766839
"ARO:3000502",18.4478739609174,46.1694209507414,168.590503547025,16.240248935875,41.1550977708788,40.6455968450353,107.530704460354,380.977913314552,56.0491776800956,135.542892651105
"ARO:3000506",2.32701581249299,5.7372162818158,19.2500337837838,1.001001001001,3.56971048718622,1.52758838899322,3.27702702702703,6.60698198198198,0.709483267622803,1.00017780938834
"ARO:3000508",19.5666036363636,49.4849515151515,188.65551030303,14.2285090909091,32.7254909090909,5.53028727272727,5.5715296969697,32.7479490909091,25.0611927272727,65.0485721212121
"ARO:3000516",38.5216685499058,101.001129943503,354.567186440678,27.8427815442561,80.6356572504708,68.5594632768362,168.353137476459,633.615101694915,92.6196892655367,230.728047080979
"ARO:3000518",30.002105151397,76.5997893628225,286.976104016734,27.9088158248807,67.2128697121292,89.1499180855421,212.51828447721,691.776232227488,118.74155988532,281.43502062489
"ARO:3000521",0,0,0,0,0,0.95665027796523,1.97904577841341,4.05089059334554,0.927629836954107,0.832966959848627
"ARO:3000522",0,0,0,0,0,1.97840396097277,5.3844848993582,14.3890345857969,1.001627644923,3.99155230036265
"ARO:3000535",0,0,0,0.993838203140529,0.993838203140529,0,0,0,0,0
"ARO:3000556",1.00004000160006,1.32328697403215,5.53723222099616,1.00582970687249,0,0,0,1.00004000160006,0,0
"ARO:3000565",0,0,0.886917960088692,0,1.00114224282739,0,0,0,0,0
"ARO:3000567",5.2892443463872,11.1268557814012,45.5398997976731,6.27173197706113,14.6471288361532,1.85485157978731,4.84967726347037,16.7516907116907,3.78331713007972,6.44710228111868
"ARO:3000578",1,1.9672619047619,7.18103327693175,1.64912280701754,3.37407777777778,0,0,0,1,1
"ARO:3000593",0.73333644656144,0,0.73333644656144,0,0,0,0,0,0,0
"ARO:3000595",1.02523015749375,1.73807742992485,5.16325806147805,1.46467677573823,2.93583535108959,0.943263903499544,3.58399626239674,13.7410653422923,2.79171694959193,5.27734520849839
"ARO:3000596",1.44266687276193,3.00018129457159,8.24303405572756,25.2381962564614,58.6720796481562,1.6622702340577,3.85854758682905,10.0298533218292,1.73288913964339,5.14676316847608
"ARO:3000599",0,0,0,0,0,0,1.83464520329052,3.59037107178789,0,0
"ARO:3000616",0,0,1.00124153950899,0,1.55368153198708,0,0,1.68628824513038,0,0.885435226915418
"ARO:3000617",0,0.512001099599677,0.512001099599677,0.811020125213925,1.09959967699259,0.868340337803196,1.84760577796716,4.77983149049973,0.615613946229519,1.05636279029403
"ARO:3000620",0,0,0,0,0,0,0.50019156272615,0.50019156272615,0,0
"ARO:3000621",0,0,1.50014063849878,1.00157002869363,0.998553332627642,0.997602400952333,1.16261279259481,2.1421959038154,1.00172296349722,1.26554630486175
"ARO:3000656",17.8445687533983,45.4901960784314,187.006761689291,18.3717933634992,48.453257918552,35.9751794871795,102.79457918552,353.915034690799,54.1084977375566,121.385585218703
"ARO:3000676",23.7001827502125,54.4874862988674,222.426024032802,17.1137219380506,41.0520494158207,103.364430468204,282.402986661805,1021.45638501504,108.497164015303,274.83409147008
"ARO:3000753",0,0,0,0,1.0032304018941,0,0,0,0,0
"ARO:3000777",0,0,0,0,0,0,0.996922253445738,1.99384450689148,0,0
"ARO:3000779",0,0,0,0,0,0,0.996282329027254,1.38361812225449,0,0
"ARO:3000781",1.00456070560344,0,0.675674076598484,1.00456070560344,1.00456070560344,1.00456070560344,0.668590958507178,0.733084785235852,0,0
"ARO:3000785",1.00415721085293,0,1.00415721085293,0,0,0,0,0,0,0
"ARO:3000792",8.04606730769231,25.1930729166667,90.1784270833333,5.36832513032203,15.4254599358974,18.252375,43.01925,147.303573717949,24.6494663461539,57.5893958333333
"ARO:3000793",14.9340057636888,39.4002564841499,136.569599743836,11.3544668587896,26.0603602305476,25.0028750794875,63.7158424591739,223.464430355428,33.3377585654819,82.2507973102786
"ARO:3000794",15.7404976462852,38.6460734243015,144.278230994152,13.1341952589784,29.5146176065604,25.0467483616915,69.8532327813522,236.56518104435,39.6671255603798,97.0993917659881
"ARO:3000795",33.1943393782383,85.3214404145078,317.851246977548,28.0410621761658,72.9203402417962,70.1358894645941,167.502546632124,610.105354058722,105.701450777202,254.05130224525
"ARO:3000796",26.4519097584945,64.2668795963594,235.851365816684,17.5758028581247,52.2796326268465,29.4445288337717,78.3166882898745,278.260127190798,59.455826268465,143.47656775851
"ARO:3000800",4.1312490577853,8.89090826596597,26.6008986254296,1.04882588774341,1.83280771384342,0.775270177767637,0.784632898194546,2.35155438344122,0.998961080476305,1.00229095074456
"ARO:3000801",2.57307813982917,7.905480320963,28.4842767097649,1.37873298199385,2.577233631736,1.34955514081447,1.54903391403257,3.78229044368106,0,1.05992190607793
"ARO:3000802",2.89552268718935,6.13633172884075,23.5423495754891,0.999379006410257,1.47234586218266,1.28811777076761,1.60827724993402,3.41231118373275,0,0.997842502696872
"ARO:3000803",2.79036144578313,7.82527710843373,27.4172329317269,0.985609103078983,2.0738472283784,0.892983699503898,0.97645708885964,2.60179038148057,1.00066934404284,1.00401606425703
"ARO:3000804",3.33604991872806,7.16775769037673,28.1048538494947,1.2572098288421,1.83048473732773,1.0795581491063,1.02778031774174,3.83673864865531,0.605968150653005,0.822296067191402
"ARO:3000805",2.3551736025309,5.94598481960281,20.2049963325711,1.25131061035769,1.75515577007459,0.666928992070214,1.34687920430521,2.84605007732044,0,0.71196192572427
"ARO:3000806",6.66555033557047,14.6610402684564,49.6062416107383,0.959003023680122,2.7829932885906,1.001001001001,1.56328658147037,4.97202684563758,1.001001001001,0.998391480392701
"ARO:3000807",3.20037714151584,8.96245694060987,31.2162417170649,1.38669221001983,1.98623141221721,0.999804092441346,1.83929134314148,3.6117210184746,0.999047887248394,1.51574041686385
"ARO:3000808",3.32696266838476,9.42778938456707,31.038368503569,1.50068616607267,2.30749848424003,1.09255922330097,1.13817338259301,3.86098887215963,0.500528195583279,0.980762315713772
"ARO:3000809",3.57357057177129,8.02380911807141,28.148504523965,1.35678417435109,2.67496938006407,1.6287642551675,1.3091985428051,3.91598143120671,0,0.720823095823096
"ARO:3000813",2.56958627782754,6.17623841786445,21.2548206004393,0,2.00321586493367,1.00040016006403,1.57443235822156,3.27731913004882,0,0.999921881103039
"ARO:3000814",2.53539388842164,4.05161403972343,14.7925880809595,0.748323754789272,1.46122590878474,0,1.35552305074899,3.0855783045977,0,0
"ARO:3000815",0,0.790403079135473,0.790403079135473,0,0.999520230289461,0,0,0,0,0
"ARO:3000818",3.24369490289653,7.35769185872603,23.4226381142599,1.66708764839606,1.24610591900312,1.30893478886882,1.48042217209152,3.34778033012716,0,0.998482306893522
"ARO:3000819",4.07354929577465,10.348200312989,47.6236932707355,0.920621661000486,3.42018779342723,0.751973608540628,1.17888295069388,5.00470735524257,0,0
"ARO:3000822",0,0.500334672021419,0.60968137254902,0,0,0,0,0,0,0
"ARO:3000828",18.1300193637621,45.3768409405256,166.536099585062,10.9011286307054,33.0773941908714,35.2607717842324,87.3949917012448,309.759709543568,36.6142157676349,109.177392807746
"ARO:3000829",24.395,60.4016538461538,223.027279202279,18.715061965812,46.1592414529914,56.3936495726496,141.405542735043,495.063532763533,68.9404707977208,159.537358974359
"ARO:3000830",24.1999150897623,52.3539065867235,189.977804221252,30.6189381751322,58.8603404678855,79.6389229188484,205.93794477936,721.038132094438,87.3024708879185,222.865459243086
"ARO:3000832",23.191043902439,56.3716634146341,209.180390243902,13.3504195121951,32.7569886178862,60.744806504065,132.10163902439,476.564804878049,50.3258926829268,138.539048780488
"ARO:3000833",22.4872704507513,58.5713742348358,215.021234001113,17.2808937117418,43.41383639399,37.2334741235392,86.3623984418475,315.965331942126,37.9096310517529,92.2844379521425
"ARO:3000839",0,0,0,0,0.498872115217769,0,0,0,0,0
"ARO:3000879",0,0,0,0,0,0,0,1.88855730257004,0,0
"ARO:3000893",0,0,0.999000999000999,0,0,0,0,0,0,0
"ARO:3000910",0,0,0,0,0,0,0,1.00273407348093,0,0
"ARO:3000923",0,0,0,0.998431036941948,0,0,0,0,0,0
"ARO:3000936",0,0,0,0,0,1.00124153950899,0,1.00124153950899,0,0
"ARO:3000950",0,0,0,0,0,0.655227576534525,1.00124153950899,2.35634559735428,0,0
"ARO:3000955",0,1.00148135784181,1.00148135784181,0,0,0,0,0,0,0
"ARO:3000956",0,0,1.00085221079335,0,0,0,0,0,0,0
"ARO:3000971",0,0,0,0,0,0,0,0,0,0.996758368436563
"ARO:3000980",0,0,1.82006877536479,0,4.02264192319289,0,0.998154356096275,5.79278689684449,1.84064136125654,1.74520069808028
"ARO:3001004",0,0,0,0,1.00031553577303,0,0,1.55205908241017,0,0
"ARO:3001023",0,0,0,0,0,0,0,1.00031553577303,0,0
"ARO:3001030",0,0,0,0,0,0,0,0.999378764551765,0,0.999915391774542
"ARO:3001032",0,0,0,0,0,0,0,1.00148135784181,0,0
"ARO:3001035",0,0,0,0,1.00002877780656,0,0,0,0,0
"ARO:3001045",1.00124153950899,0,1.00124153950899,0,0,0,0,0,0,1.00243349372269
"ARO:3001052",0,1.92191894946096,3.59805223550243,1.98293583656243,2.19476900986158,0,0.997891672481449,3.68345148536703,2.76639701581486,3.73076268947824
"ARO:3001055",0,0,0,0,0,0,1.00124153950899,1.00124153950899,0,0
"ARO:3001095",0,0,0,0,0,0,0,0,0,1.00268217481764
"ARO:3001110",0,0,0,0,0,0,1.00158947895573,1.00158947895573,0,0
"ARO:3001161",0,0,0,0.999168833006172,0,0,0,0,0,0
"ARO:3001203",0,0,0,0,1.00287309589635,0,0,0,0,0
"ARO:3001214",1.85112956049603,3.56907272235739,9.05425657798519,1.32551600444459,2.89119188194946,26.9605839416058,67.8875393349554,242.649459854015,33.7728467153285,84.9598394160584
"ARO:3001216",13.2671861042184,31.0999983457403,126.639593052109,11.2349090157155,26.664635235732,44.1231017369727,103.358022332506,367.717280397022,61.6963043837883,146.328544251447
"ARO:3001301",0,0,0.998183306382384,0,0,0,0,0,0,0
"ARO:3001328",21.1861609071107,44.4158198559229,125.502120441052,8.6064200398142,25.1766471777366,15.0524632950514,38.1505935265059,100.065851252713,25.2497836117415,44.5419918965877
"ARO:3001329",21.2317234637051,45.8457023371449,180.517653204111,14.619272902474,34.2860340527271,34.5080941433604,95.3747554382722,349.4531955295,54.3638708539651,141.43576458707
"ARO:3001394",0,0,0.998431036941948,0,0,0,0,0,0,0
"ARO:3001397",0,0,0.999731615673645,0,0.999731615673645,0,0,0,0,0
"ARO:3001427",0,0,0.999813988095238,0,0,0,0,0,0,0
"ARO:3001523",0,0,0,0,0,0,0,0,0,0.998405906535783
"ARO:3001764",0,0,0,0,0.998024046351184,0,0,0,0,0
"ARO:3001773",0.499925936898237,0,1.7815692825547,0,0.97214288952355,0,0,0,0,0
"ARO:3001777",0,0,0,0,1.39416968140973,0,0,0,1.00058759338538,0.676427193281126
"ARO:3001780",0,0.996849579160201,0.996849579160201,1.91941755605196,0.728447803702487,0,0,0.897563326405831,0,0
"ARO:3001796",2.69844983913425,4.96515969581749,25.5405069708492,1.69268227603229,1.0399985785864,1.00060036021613,0.999456816947311,2.62968883370839,1.00060036021613,1.00072669084076
"ARO:3001815",0,0,0,0,0,0,0,0,0,1.0015423752579
"ARO:3001817",0,0,0,0,0,0,0,0,1.73563323900745,5.74438641107678
"ARO:3001819",0,0,0,0,0,0,0,1.55884233498729,0,0
"ARO:3001828",0,0,0,0,0,0,0,0,0,0.999160705007794
"ARO:3001841",0,0,0,0,1.00005882698982,0,0,0,0,0
"ARO:3001843",0,0,0,0,0,0,0,0,1.00013424620754,0.999160705007794
"ARO:3001844",0,0,0,0,0,0,0,0,0.999160705007794,2.90433304680785
"ARO:3001848",0,0,0,0,0,0,0,0,0.999160705007794,0
"ARO:3001851",0,0,0,0,0.999160705007794,0,0,0,0,0
"ARO:3001855",0,0,0,0,0,0,0.998380579532412,0.998380579532412,0,0
"ARO:3001883",0,0,0,0,0,0,0,0.996848671940318,0,0
"ARO:3002000",0,0,0,0,1.00271504381093,0,0,0,0,0
"ARO:3002053",0,0,0,0,0,0,0,0,0.552770136362292,2.7007341381449
"ARO:3002069",0,0,0,0,0,0,0,0,4.677275903691,15.0623230093429
"ARO:3002083",0,0,0,0,0,0,0,1.00013424620754,0.99825479930192,0.559359198102654
"ARO:3002087",0,0,0,0,0,0,0,1.00005882698982,0,1.00013424620754
"ARO:3002090",0,0,0,0,0,0,0,0,1.58995278322038,1.36666545049893
"ARO:3002097",0,0,0,0,0,0,0,0,0,2.00224576213861
"ARO:3002113",0,0,0,0,0,2.52655442630805,4.40628317817907,10.1746564136126,1.00112288106931,2.29861465041931
"ARO:3002149",0,0,0,0,0,0,0,0,0.771101795787403,3.57415014501022
"ARO:3002151",0,0,0,0,0,0,0,0,2.68280829811756,2.84020862968231
"ARO:3002153",0,0,0,0,0,0,0,0,2.89919714540589,3.95742797360373
"ARO:3002391",0,0,0,0,0,0,0,1.00053720118184,0,0
"ARO:3002403",0,0,0,0,0,0,0.998961080476305,0.998961080476305,2.01813782305456,3.33280120540978
"ARO:3002405",0,0,0,0,0,0,0,0,0,1.00229095074456
"ARO:3002411",0,0,0,0,0,0,0,0,1.91979112672541,0
"ARO:3002416",0,0,0,0,0,0,0,0,0,1.00053720118184
"ARO:3002422",0,0,0,0,1.00124153950899,0,0,0,0,0
"ARO:3002429",0,0,1.00124153950899,0,0,0,0,0,0,0
"ARO:3002442",0,0,1.00031553577303,0,0,0,0,0,0,0
"ARO:3002458",0,0,0,0,0,2.75353833202828,4.19677529500958,13.9270101375828,1.70102061236742,3.49302915082383
"ARO:3002494",0,0,0,0,0,0,0,0,1.57610852966587,1.56112576956904
"ARO:3002502",0.998324958123953,2.92621644809413,5.06597009437431,0,0.998324958123953,0,0,0,0,0
"ARO:3002507",0,0,0,0,0,0,0,0.565892525691521,0.997048735742203,0
"ARO:3002523",0,1.00168740630189,0.999882564128374,0,0,0,0,0,0,0
"ARO:3002540",0,0,0,0,0,0,0,0,0.547892720306513,0
"ARO:3002547",2.48207885304659,3.3707767328457,14.3137755102041,3.8220932642487,8.74,2.72832369942197,3.59915384615385,14.2739162479062,8.56315151515151,17.151715
"ARO:3002549",0,0,0,0,0,0,0,0,0,1.00040016006403
"ARO:3002556",1.00082067295182,0,2.4501209911046,0,2.17365391621129,2.03479489346842,1.41207533296569,5.61049421246865,2.39568446125823,5.31558108305745
"ARO:3002578",19.3527402896643,45.1621629374641,171.920395869191,22.2358085402836,59.5751290877797,49.831340520079,117.008571428571,467.033914285714,60.7552653061225,156.210285714286
"ARO:3002590",0,0,0,0,0,0,0,0,0,1.45750988142293
"ARO:3002591",0,0,0,0,0,0,0,0,0.998809928595716,0
"ARO:3002597",2.09703947368421,4.17952291666667,14.2969104166667,1.97721832084894,6.84689166666667,1.27634408602151,2.3816,7.97428194444445,4.13950930626057,9.94376292657704
"ARO:3002601",0.996810207336523,3.62448009506833,11.252183600713,1.88651218062983,4.64839477578331,4.31336486249781,17.6909686755192,40.7408920667348,1.86834561834562,9.56824020552344
"ARO:3002605",1.27277943342582,1.04355314467838,4.96830798479087,8.06973384030418,21.1419264892269,27.5057034220532,68.9843105196451,257.895989860583,70.1417845373891,165.714068441065
"ARO:3002608",4.76082251082251,14.7323861016807,64.726602120793,2.62477608598298,9.76709241172051,20.8073086234243,39.2927310293013,150.993660781367,5.83238240142006,12.7213505346351
"ARO:3002613",0,0,0,1.00250626566416,1.50481540930979,0,0,0,1.25800883531787,4.67114630429895
"ARO:3002615",0,0,1.00069847410273,0,0,0,0,0,0,0
"ARO:3002616",1.63905775075988,1.21036950678455,6.43923696222941,0,1.00069847410273,0,0,0,0,0
"ARO:3002619",0,0,0,0,0,0,0,0,1.8246044257605,5.73285251504949
"ARO:3002620",0,0,0,0,0,0,0,1.00160256410256,0,0
"ARO:3002621",0,0,0,0,0,0,1.00334448160535,1.00334448160535,4.04375516956162,5.15118095763257
"ARO:3002626",0,3.02629469296136,12.2220441595442,3.19235731633273,4.93391366718832,1.67468446099731,0.998547567175018,6.5048577724359,1.39553916624643,2.05990961199294
"ARO:3002628",1.54030943785456,2.74091995846947,8.72715749742973,2.38428844933777,8.2887523192028,1.09908972115789,2.11097167014041,9.44043321299639,2.89553016487402,7.68588535704852
"ARO:3002629",0.616727206833214,1.75532969055236,5.69930769230769,0,0.735522405712681,0,0,0,0,0
"ARO:3002635",0,0,0,0,0,0,0,0,0,2.96128707893414
"ARO:3002639",69.7753489636836,187.428187875882,710.617832680286,65.9735386511551,157.602915392915,35.1456481928211,83.4890283431328,294.112724529961,84.1318333258632,221.094131048166
"ARO:3002641",2.51065643648764,7.29990671641791,22.8577013450008,2.06358349385094,7.11094482040604,1.27685235910429,1.59804044117647,5.59006740196078,5.12758906379453,11.1206887254902
"ARO:3002645",0,1.99197878775766,2.29558186147705,0,0,0,0.997763079547466,0.998615059406662,0,0
"ARO:3002647",1.48632502199288,4.17043522012579,11.9974666666667,2.8597534591195,9.73586666666667,6.65157610062893,16.4037635220126,52.8630075471698,4.51696855345912,13.2207132075472
"ARO:3002660",117.17202363654,276.07019019019,1036.49437566599,85.796004075574,213.215270989465,42.0625748328974,110.426208143628,384.809813684652,117.523967838807,280.797423229681
"ARO:3002676",3.95618674818972,6.54447282279616,22.6962317494571,4.072663507109,11.3594075829384,1.77938108695599,7.44476009669885,31.7298122931378,9.49684360189574,29.1849210110585
"ARO:3002679",5.92757609362965,11.8579068137523,37.3614303599374,0.999929373018263,3.04732855208963,0.998327127516054,2.41195166416598,2.98742163966458,0,0
"ARO:3002682",0,0,0,0,0.999088080678039,0,0,1.82192648922687,0,0.961873026069268
"ARO:3002685",0,0,0.824628916987356,0,0,0,0,0,0,0
"ARO:3002688",0.659794179641143,3.07706231051179,6.61560543924023,0,1.00109210047324,0,0.798299101412067,2.63516894532241,0,0
"ARO:3002693",0,0,0,0,0,0,0,0,1.0034665207079,1.82689427972447
"ARO:3002703",0.996492346938776,0,1.10674752357083,1.67390921885996,1.77504654125025,0.956228499004164,1.79103422619048,4.6806887755102,1.45918367346939,3.80611989795918
"ARO:3002705",0.997022315902171,1.19002163675703,3.24868369130165,0,0,0,0.952475773264304,2.01775351960147,3.02598895191488,9.69393842137921
"ARO:3002749",0,0,1.00137174211248,0,0,0,0,0,0,0
"ARO:3002750",0,0,0,0,0,0,0,0,0,1.00003355817309
"ARO:3002759",0,0,0,0,0,0,0,0,0.9981368112856,3.60294117647059
"ARO:3002775",0,0,0,0,0,0,0,0,0,1.00120144173008
"ARO:3002784",0,0,0,0,0,0,1.67308014053873,5.57321584592791,0,0
"ARO:3002788",0,0,0.998807394156231,0,0,0,0,0,18.36644356211,49.396710153148
"ARO:3002837",0,1.000100010001,1.000100010001,1.00003355817309,1.92113458680623,2.19441006127844,7.7226840532464,23.2642661109403,2.06632074166321,5.72310214314988
"ARO:3002844",0,0,1.00114714777349,0,0,0,0,0,0,0
"ARO:3002848",0,1.95665261890427,4.3042828375096,5.04013362245795,9.62763651286939,0,0,0,0,0
"ARO:3002854",15.8723818565401,35.4968396624473,137.073069620253,15.6266139240506,35.4524050632911,22.345970464135,57.0104219409283,196.835983122363,13.7837932489451,35.7311308016878
"ARO:3002858",1.65805906553041,8.18072289156627,29.1164939759036,1.21479834143878,1.52242958763157,0,0.567000143430866,0.567000143430866,7.83330722891566,24.7539457831325
"ARO:3002859",42.0340579710145,118.649093167702,439.256616977226,31.8809047619048,81.0877826086956,21.502523569607,51.7873868646508,191.154231119199,22.5476708074534,61.1244223602485
"ARO:3002860",1.59203276247208,0.776754890678941,3.98312869198312,9.75108227848101,19.415664556962,20.6381434599156,49.5231139240506,178.942082278481,48.9639873417721,124.743426160338
"ARO:3002861",22.7710443037975,53.1425696202532,198.183911392405,10.6413291139241,24.116,19.5559493670886,44.2688607594937,168.805373417722,3.87551898734177,10.801670886076
"ARO:3002862",15.773223628692,35.3619113924051,132.758396624473,18.1803797468354,45.0126582278481,0,0,0,1.00075732987125,2.72445860228575
"ARO:3002863",15.9284823529412,44.8442352941176,162.2174,14.1872549019608,28.1431549019608,0,0,0,9.6912,25.5636843137255
"ARO:3002865",0,0,0,0,0,0.500137621761693,1.00046021169738,1.15832880532073,0.997898232042247,1.9887390877628
"ARO:3002867",19.9706464646465,50.4445454545455,188.421757575758,30.766696969697,89.0169696969697,7.98384646464646,16.9040121212121,58.6534545454545,3.72877713303245,5.52627474747475
"ARO:3002868",1.00065815099864,1.00065815099864,2.33992101461981,2.87048192771084,4.86947590361446,0,0,0,2.35542958202403,4.9548172690763
"ARO:3002872",0.999200639488409,1.14112645482898,2.15205805118324,0,0,0,0,0,0,0
"ARO:3002879",0,0,0,0,0,34.5333717894675,80.6094113992856,293.851244467734,8.13191785329664,19.6928795829551
"ARO:3002882",0,0,0,0,0.995822890559733,0,0,0,0,0
"ARO:3002895",9.17630891205403,20.2428304761905,76.4714514285714,9.75046666666667,20.8989866666667,6.63904,19.4,67.1906285714286,8.71332571428571,19.4066666666667
"ARO:3002897",2.16618137474491,4.38123321542229,14.9284062688999,3.52481435275946,9.73843159195282,1.00088077508207,1.35106989388757,9.32476901232159,2.42653120476744,8.9924547948186
"ARO:3002909",0,0,0.999329309188464,0.999329309188464,0,0,0,0,0,0
"ARO:3002919",0,0,0,0,0,0,0,0,1.91163362068965,3.85704310344828
"ARO:3002922",0.824244066571822,0.999697401689171,2.1796957749794,0.997765006385696,1.51967285587975,0,0,0,0.500371704694916,1.00008000640051
"ARO:3002931",0,0,0,0,0,0,0,0,1.10413021813753,2.58456599897278
"ARO:3002933",1.7822135091784,0.84627751109501,1.79298158645889,0,0,0.643276363573777,0,0.643276363573777,0.99838773871923,0.628968793084362
"ARO:3002942",0,0,0,0,0,0,0,0,0.697060688574732,3.42186736190321
"ARO:3002949",0,0,0,0,0,0,0,0,0.499828578646313,0.941075885353377
"ARO:3002955",0,0,0,0,0,0,0,0,1.32625759382274,1.5753310560054
"ARO:3002962",0,0,0,0,0,0,0,0,1.16616393874961,0.523151647490272
"ARO:3002966",0.768196734501526,0.537536149306041,1.74694589877836,0,0,0,0,0.562846112584332,0.999160705007794,0.666166762630388
"ARO:3002970",0.993482753139406,0.777279898491447,1.27986524178912,0.498547708848138,0.66605322604839,0,0.668511759121843,1.17310443490701,0.878199407923625,1.02016486136658
"ARO:3002972",1.40803075164926,1.98937034029674,4.57881207450006,0.998463901689708,1.12370942395106,0,0.9951245575369,0.998845893087262,0,0
"ARO:3002985",4.04282993377025,8.30246436289379,29.6110266465561,1.13302841889384,2.72251432371858,1.17835326438268,1.57064486587765,3.65065823080782,0.998826881179822,0
"ARO:3002986",33.5911240875912,74.0442238442822,281.15997810219,18.9167226277372,57.6623844282238,47.8600875912409,119.024321167883,417.542072992701,73.6622603406326,199.989610705596
"ARO:3002999",1.88511574892898,3.1086637298091,11.2833996530966,2.27086472157808,3.7310248902238,5.80778038522146,14.0794007831816,52.2638295671028,3.44838172912419,7.18600245179984
"ARO:3003002",2.54817077332605,14.066534914361,47.1287130870655,6.66442840355884,18.2955835183814,3.26442976546496,7.15063607750212,30.4604533410571,1.00158640531311,8.13446660128582
"ARO:3003003",5.99610343218733,9.76902388862522,38.0427145911822,3.2263630089717,7.99518686901027,3.899727933867,11.1648018177605,49.4090863554398,3.30821599876218,9.58400993247541
"ARO:3003005",1.00180324584252,1.00180324584252,2.6241874067961,0,1.28641596715091,0,0,0,0,2.03634085213033
"ARO:3003009",0,0,0.999500249875062,0,0,0,0,0,0,0
"ARO:3003013",3.32788212876004,11.6946579891461,33.740089136717,2.71110496260942,1.96291289446015,0,0,1.00110188395281,0,0
"ARO:3003014",0,0,0,0.999816547422491,1.70571864619804,0,0,0,0,0
"ARO:3003019",0,0,0,0.534044916928331,0,0,0,0,0,0
"ARO:3003030",6.04077676261584,9.45544276678229,42.3950902376866,1.46073040071952,3.28633904718443,0,1.17689467135559,2.76733484430452,0,0
"ARO:3003031",4.24411777600167,10.65468057943,35.344231795342,1.28861358748147,2.49515841806004,1.16395451593846,1.58886294336184,3.47717365189296,0,0.629073249289147
"ARO:3003033",2.60797194407908,4.72779369627507,18.6813501288497,1.57239732569245,1.52936680272163,1.2842355249232,1.14994648215616,2.36762459750382,0.998676251277669,0.994906080865966
"ARO:3003034",2.61144379530455,3.80755763843999,12.5757464110862,1.00449378799894,1.67521367521368,0,1.22880314573605,2.98273155416013,1.00160256410256,1.00160256410256
"ARO:3003046",0,0,0,0,0,1.50410577111334,1.67876614478556,4.72277459351971,0.806743260911898,2.16761057173679
"ARO:3003047",0,0,0,0,0,0.952837816329779,1.98148526656447,2.68402226824086,0,1.00090081072966
"ARO:3003049",0,0,0,0,0,0,0,0,0,0.996095306398916
"ARO:3003057",0,0,0,0,1.00203151595015,0,0,0,0.500657959277564,1.00203151595015
"ARO:3003069",0,0.997337206487533,1.7357762777242,0.998826881179822,0,0,0,0,0,0
"ARO:3003070",0,0,0,0,0,0,0,1.00124153950899,0,0
"ARO:3003077",0.638234289617486,0,0.638234289617486,0.667408977489201,2.44378224805695,2.10857043786481,8.77186475409836,25.0778114754098,3.52560276457789,6.7896393442623
"ARO:3003078",1.00164700346207,0.500148319846575,1.18118847976668,0,1.00164700346207,1.00164700346207,0.500203320054555,2.65679969099281,1.17500962800531,2.44707424960506
"ARO:3003079",0.500161668418074,0.752768571659526,1.50468258426966,0.999809560083794,0,1.00032333683615,1.42031392347404,1.61328016003081,1.70597892422418,3.72238483146067
"ARO:3003092",0.685652636015466,1.40696140509573,2.61331005044625,1.10522015221553,1.99902278311369,0.972404833458552,1.21045278311119,4.51367571822117,2.11874779679605,4.06350894937143
"ARO:3003096",1.00180324584252,4.62093740363861,12.0767192020556,2.30898889376342,6.21685103746354,1.41508537998366,3.06434716620062,6.13694291158348,0,2.54752106603958
"ARO:3003097",8.61610523727563,29.3555881818732,100.144548041412,12.7412914497871,27.2664703077905,1.29624839415298,1.08202462500826,3.19776940579656,1.36213644386463,2.70577930561237
"ARO:3003107",0,0.999600159936026,1.80715278655377,0,0,0,0,0,2.83608151320991,5.42801365050688
"ARO:3003109",0,0,0,0.667444793259814,0,0,0,0,0,0
"ARO:3003209",0,1,1,1.96232339089482,1.00040016006403,0,0,0,0,0
"ARO:3003210",0,0,0,0,0,0,0,0,0.999783263767994,1.00071687718111
"ARO:3003285",0,0,0.98962598962599,0.90513900997772,0,0,0,0,0,0
"ARO:3003288",31.3270816228863,71.6037617087852,253.987356000209,29.6226856336493,73.6266506179208,96.5038064325913,240.340193043162,845.447562920367,127.800742310556,312.218358635009
"ARO:3003294",20.0625354482096,53.2315142526891,184.392039764278,13.2610882240436,35.6808307264512,34.1218878112189,93.600855031181,319.803190315889,57.1240765684008,136.77890623636
"ARO:3003296",0,0,2.00649594674397,0,1.00660331776454,0,0,0,0,0
"ARO:3003301",0,1.00158640531311,0.998463901689708,0,0.498991867278312,0,0,0,0,0
"ARO:3003303",34.8938360539759,85.0504522613065,326.342455536431,36.3218289306293,82.7852029234952,58.9830543706919,155.115907106688,563.525446714394,105.775960986804,271.551510389384
"ARO:3003305",0,0,0,0,0,0.997466435254454,0.997466435254454,0.997466435254454,0,0
"ARO:3003306",0.729626580857592,1.04156473960822,1.67285484242006,0,0.999579242636746,2.1858547906711,3.21607181483885,7.09245878182823,4.41620140854285,9.89648944099379
"ARO:3003307",0,0,0,0.9951245575369,0,0,0,0,0,0
"ARO:3003308",18.3083528693372,47.1782374449416,168.263888888889,17.6672633965867,38.6309705917862,65.214179296511,157.203516442704,570.730711804383,86.5539588350928,229.02879302001
"ARO:3003309",0,0,0,0,0.566628257637122,0,0,0,0,0.497918699834691
"ARO:3003310",0.648887158523133,0.994187825022943,0.894268871987989,0,0,0,0,0,0,0
"ARO:3003311",0,0.746633904670582,0.689435968562182,0,0,0,0,0,0,0
"ARO:3003315",0,0,0,0,0.638025412800188,0,0,0,0,0
"ARO:3003316",15.0808431061807,43.7433449550977,158.870810353936,13.4360802958267,31.829646064448,52.7946656101426,134.650058108822,487.542736397253,61.0793660855784,152.232012678288
"ARO:3003319",0,0,0.498646292447684,0.995619275189168,0,0,0,0,0,1.00574421697075
"ARO:3003323",0,0,1.00026006761758,0,0,0,0,0,0,0
"ARO:3003333",26.0583820393012,64.5384061103905,239.181342172263,22.980340238199,55.9586395734256,108.891869892662,280.775143712671,1001.65147609059,121.774246411676,303.162487390114
"ARO:3003357",0,0,0,0,0.999621764737667,0,0,0,0,0
"ARO:3003368",16.7535634638942,42.1990926221785,147.031948122184,15.0773554942259,34.8485491244985,63.0174215779043,135.329436133487,487.514101602559,61.6334152334152,157.048696586114
"ARO:3003369",15.8761837643502,41.1960397027283,133.310337236946,19.2813607977977,42.1945270672219,95.4801053281944,218.151976754425,796.820034005629,98.5765177784308,255.951004792161
"ARO:3003372",3.60282461449777,10.5883975946233,40.5083126989742,2.92811382305546,13.3244163424124,24.6108477773847,48.8368212570547,199.743839169909,12.4287295184379,47.9634498311541
"ARO:3003373",4.1635975422427,5.88171121351767,26.6681397849462,1.59147766793236,2.64669124423963,11.4100476532726,18.458579109063,77.2127834101382,3.57298276083245,12.2903225806452
"ARO:3003374",0,0,0,0,0,1.17758112610289,2.56015768141691,2.04035828691518,0,0
"ARO:3003378",8.87471264367816,15.9977011494253,71.4434574712644,6.60462068965517,15.1586344827586,35.9882528967605,91.0313333333333,317.25064137931,47.3035862068965,115.324404597701
"ARO:3003380",3.22394654122612,7.75346219931271,24.768881443299,2.70941876362561,4.07301890034364,3.03342201529764,7.13282615904021,19.6494175257732,3.23023195876289,8.80755154639175
"ARO:3003381",31.6052731182796,94.3752451612903,350.28135483871,34.6258731182796,73.9979978494624,45.3796774193548,103.272232258065,380.240709677419,72.7212752688172,180.198150537634
"ARO:3003385",0,0,0,0,0,1.00069847410273,0.999840025595905,2.05751088133271,0,0
"ARO:3003386",31.5694110718492,80.9150471142521,291.510632508834,25.4935689045936,60.4939929328622,60.769074204947,157.846110718492,579.527123674912,93.4410106007067,250.571103651355
"ARO:3003390",30.8149641873278,73.5942314049587,282.692399449036,21.6263360881543,59.450694214876,76.6492424242424,184.936595041322,678.501818181818,84.9717906336088,215.765685950413
"ARO:3003438",0.695719930984583,1.37680571933962,3.00758435109212,2.34630503144654,4.60261006289308,0.998731341269198,2.7945938712699,7.84159748427673,2.54677672955975,8.08296383647799
"ARO:3003479",27.7224880382775,71.2597368421053,253.217543859649,22.0709090909091,60.5910893141946,50.4490940988836,103.846098883573,380.785765550239,32.2712280701754,81.9523094098884
"ARO:3003480",0,0.995844010994118,2.98753203298235,0.995844010994118,1.97841010184165,1.96513218169506,1.99168802198824,15.8763825634353,2.88874430709174,8.42643909772537
"ARO:3003493",3.19655314802338,6.2307765481815,21.4285239361702,4.55579480067637,5.64796905222437,0.998030435512219,1.00079871435857,5.11398804290487,0,0.999571612166214
"ARO:3003495",0.997028854015035,0,0.997028854015035,0,0,0,0,0,0,0
"ARO:3003497",0,0,2.46279000693046,0,0,0,0,0,0,0
"ARO:3003499",0,0,0,0,0.993649057873486,0,0,0,0,0.653154936267912
"ARO:3003511",28.9861759259259,64.5000740740741,242.504444444444,21.552537037037,56.3763641975309,27.7963148148148,60.97825,227.364027777778,50.7885185185185,118.794583333333
"ARO:3003512",11.2155247320825,25.4104430619114,93.3573149761296,10.947991599175,23.9964779531439,38.6087499597721,96.3402556635528,312.665389296519,32.0185388531207,87.4364736545211
"ARO:3003548",15.5620494186047,39.9371027131783,161.499878875969,19.5019021317829,42.6938139534884,41.9026695736434,97.3989728682171,337.189817829457,68.4332093023256,162.546175387597
"ARO:3003549",20.2870964912281,53.8141169590643,189.780453216374,21.5119074074074,46.8005609161793,25.6701598440546,66.2675730994152,233.349862573099,55.5861145224172,137.970682261209
"ARO:3003550",17.6285105657805,43.8978895705521,158.853425357873,18.8032794819359,45.7389304703476,23.7069270620314,57.4973946830266,210.740654396728,63.8732106339468,148.170785276074
"ARO:3003551",0,1.00107185471313,1.00107185471313,1.00045658421293,0.498937047160397,3.31390134529148,6.01669985758437,25.1047519944502,3.93292576883809,7.6333778608959
"ARO:3003552",0,0,0,0,0,0.999674524573395,2.74143925233645,6.44861526479751,0,0.88059331634098
"ARO:3003558",0,0,0,0,0,0,0,0,0,0.499782703172534
"ARO:3003559",3.71290569895221,7.95682945736434,30.0321151716501,3.79999907906885,10.7126544850498,6.43357696566999,15.0221262458472,56.5870764119601,1.61469713914299,4.51620556001069
"ARO:3003576",35.8277889294404,85.0966575425791,308.011100364964,27.1325699513382,70.9933856447689,56.0286131386861,147.869413625304,507.811828467153,71.1384732360097,178.618777372263
"ARO:3003577",8.77571192283932,21.3105463952974,52.3260948244662,5.02142844901457,15.7343479005998,57.1513590402742,136.48294772922,486.963419023136,43.5112682090831,109.831731790917
"ARO:3003578",24.8302683178535,76.2715789473684,280.430055727554,19.2383900928793,49.5551424148607,38.7368173374613,94.2211764705882,348.585175438596,51.0272445820433,134.262208462332
"ARO:3003582",4.34391187815845,9.09221385001794,35.394559320235,0.804181745074387,2.31719876416066,1.001001001001,0.997892302240128,2.61356224463021,0,0.998766623766624
"ARO:3003583",4.37177854587351,8.95033122214618,33.7537977684798,2.14233460021729,2.60131500298864,1.21648845498218,1.90956607880708,4.96410320781032,0,0
"ARO:3003585",3.29017857142857,7.609375,23.6919285714286,1.68742782909931,4.38162589194699,1.33910512020342,5.32968666569584,17.1986383928571,3.13752538930264,8.71726190476191
"ARO:3003679",4.85985399461962,9.16280421763507,42.3367881944444,1.46400043177893,3.06435784367264,1.13837110136452,1.55952137799564,5.01302083333333,0,0
"ARO:3003680",4.0062399500804,7.73294677871148,34.2259943977591,1.29702551360305,2.40803503721931,1.00063920430777,2.05330792110659,4.48926330532213,0,0.499424576031963
"ARO:3003681",4.57652578630535,8.90862656690735,32.8351632102325,1.29373006068003,2.49109451724439,0.820668743008795,1.93450131233596,4.96967677801885,1.00425708981499,0.978510498687664
"ARO:3003682",3.78680611930248,6.76430230286468,17.2977572545066,0.995381430164039,1.60253824850098,0.837879450616744,1.09675571368269,3.27519563462821,0,0.802074090505767
"ARO:3003684",4.59687429474159,6.86347406614667,24.4929345722029,1.06417675295226,2.18823507888484,1.57756705375753,1.30994074231779,3.65873996765235,1.00737836586893,1.07734045999352
"ARO:3003685",4.36292596292596,9.31283175333808,39.8214104751564,1.30888175494917,1.83605480594045,1.64906149459464,1.51589942962798,4.2878680286575,0,0.998302885095338
"ARO:3003686",4.95598103798559,6.80809645134969,21.2441359665263,1.03795966785291,2.20621706612273,1.00363521416153,2.99793036279523,2.70212430329162,0,0.99657179303197
"ARO:3003692",3.35279891304348,9.35426680503969,33.1144891304348,1.41649232914923,1.31761314447865,0.968588345945022,1.15428970006975,3.61087995363485,0,0.666550938290069
"ARO:3003693",3.2632470064049,6.94188943060301,25.0330728093748,1.02062010477758,3.33269496027268,1.33951519745867,1.95911946246584,3.69227233204752,0.66534931951899,0
"ARO:3003698",2.61412206790379,3.75515965323323,13.7285549798503,1.129413006916,1.58600360861049,1.04444055454418,0,1.85688171750552,0,0.997442797659691
"ARO:3003699",3.92175758012474,8.00804999419123,26.0261625640093,1.54174919320212,2.93388624330468,0.956256866074104,1.77420922285965,5.16957182296596,0.906464907721872,0.999993318545046
"ARO:3003700",3.25671679988301,4.05345462249411,14.790110257267,1.08442395399564,1.24443601948973,0.996333492746692,1.74509731460951,2.52032520325203,0,0
"ARO:3003702",3.52204592837871,8.51534898826586,31.6146480153103,1.38185905569751,2.31189511608091,0.998949762525921,1.25580190037432,3.53757632245932,1.00341159943809,1.00526405162167
"ARO:3003704",2.81763650856915,3.62432616318627,9.15892860608178,0.999909099172802,1.28933685952792,0.998210565674911,1.24959749421855,2.72577693051346,0,0
"ARO:3003705",3.6054613352836,8.554077276258,32.6061174100048,1.13186277475118,2.17545185951996,0.999295496674844,1.67951499116722,3.29387106290978,0.997803492981892,1.40768712798856
"ARO:3003709",2.46557011430164,5.0881335725148,19.5071521953278,0.999860019597257,1.91371581962265,1.49646049553063,1.60539686606037,3.92833198474165,0,0.999257694284246
"ARO:3003710",5.81610641627543,11.0634178403756,39.1931533646322,1.03541957686962,3.29047052266652,1.26046131863646,1.01523889034905,3.52671927954914,0,1.00013394680972
"ARO:3003729",0,1.00863390623739,1.00863390623739,0,0,0,0,0,0,0
"ARO:3003730",1.7968530066003,2.4737662945788,8.04299162849177,2.54123230438486,5.2850342068904,1.10246578618891,1.56651157300387,2.03532390693943,1.00280786201364,1.34315173394596
"ARO:3003733",0,0,0,0,0,0,0,0.558640303358613,0,0.998051802880777
"ARO:3003735",0,1.00427910226181,1.99109248100603,0,0.993739441518434,0,0,0,0,0
"ARO:3003737",0,1.00168740630189,1.00168740630189,0,0,0,0,0,0,0
"ARO:3003741",0,0,0,0,1.00215227333871,0,0,0,0,0
"ARO:3003751",26.4094937759336,77.5565975103734,272.329394190871,24.7137316735823,61.0631078838174,74.0921867219917,190.898229598894,674.882567081604,92.8819917012448,243.248643153527
"ARO:3003760",0,0,0,0.776517861401249,1.22406639004149,2.76625713174274,6.19240694832942,18.6929891504549,2.77802902679948,7.38289782753851
"ARO:3003761",0.998003992015968,1.59092023289943,2.81457932619609,1.46867142611909,1.98741877565286,1.41780249025758,1.68857686925001,3.47393623744148,2.59549322407816,5.04729379776868
"ARO:3003774",0,0,0,0,0,2.33358943205641,6.20531502695418,22.0040918215786,1.13146630355468,1.8019389549614
"ARO:3003775",14.9708035117855,38.7913015873016,147.16139047619,16.6572,44.1384873015873,130.956230952381,328.568838888889,1166.29787301587,164.338777777778,394.370666666667
"ARO:3003789",0.997765006385696,1.00173272687893,1.20866517741518,0,1.00130459216442,0,0,0,0,0
"ARO:3003790",1.48621869933345,1.40777022524324,2.52722467259856,1.32162118865809,2.06896696176725,0,1.75475786696815,3.25219805240297,1.06200997861725,2.42006048733546
"ARO:3003791",0,0,1.00284679089027,0.900213420686917,1.89659197012138,3.98051630434783,12.0796730072464,36.2476739130435,3.85778804347826,11.7884927536232
"ARO:3003792",0,0,0,1.30871268428324,1.00007458183322,3.38686728404673,7.38308530805687,36.2384360189574,7.22715066075897,14.356990521327
"ARO:3003794",0.498952033855314,0,0.498952033855314,0,0,0,0,0,1.00124153950899,0
"ARO:3003797",0.49911733277057,0.666962099542974,0.887599741525147,0.99832281766632,1.72491931443276,4.46509863429439,12.4562402630248,43.8489074355084,4.58526176024279,14.7666738926223
"ARO:3003801",3.22153265589125,9.71942519131082,34.1907444168735,0.885933622828784,2.38329927214544,1.3906483814142,0.857791997032503,3.59166778379354,1.00056031377571,0.668502215121747
"ARO:3003805",0,0,0,0.962290169797339,1.60262482413464,3.21293939491575,6.91337631110685,23.0855531670465,4.84787630948086,9.69014880870663
"ARO:3003807",44.367987654321,105.619112654321,358.042405864198,29.0401296296296,70.9493148148148,115.779666666667,305.332925925926,1054.88424691358,133.345666666667,340.783175925926
"ARO:3003817",0,0,0,0,0,0,0,1.00452034153692,0,0
"ARO:3003820",24.8888472222222,63.1317638888889,228.278256944444,28.506875,56.36125,103.736430555556,276.593423611111,968.795,111.666430555556,287.504416666667
"ARO:3003838",9.81893004115226,23.9218161865569,95.2192427983539,13.9629355281207,27.4512606310014,78.0912510288066,203.482406035665,712.016419753086,116.414028806584,285.315851851852
"ARO:3003841",9.57227433628319,35.3000560471976,116.831445427729,11.6253716814159,28.0818318584071,18.6032433628319,42.0072477876106,166.281504424779,42.364407079646,104.536224188791
"ARO:3003850",0,0,1.00263781223084,0,0,0,0,0,0,0
"ARO:3003889",28.8996291390728,73.7834172185431,276.671222222222,19.4580132450331,51.2030331125828,69.4946556291391,171.399476085357,615.110637969095,87.3447314201619,212.267970566593
"ARO:3003890",38.4348670977012,102.757448275862,365.597244252874,33.2820689655172,86.4936343390805,38.6834568965517,97.3083232758621,359.48666954023,76.704536637931,184.653533764368
"ARO:3003893",27.5025482233503,79.3374314720812,271.796971235195,27.8376175972927,60.2291708967851,19.5837868020305,46.8763333333333,180.143637901861,64.3535566835871,146.443350253807
"ARO:3003895",3.55010597083365,9.26842477876106,31.6261061946903,1.56294950900199,1.96399192816201,1.00000668900795,2.00361371951769,4.76571502382111,0.999829816201498,0.998927326360955
"ARO:3003896",4.13597106171806,8.95962368418396,27.6321900519673,1.28066667011163,1.97413003203649,1.00105143993523,2.08678759916984,4.2509084257898,0,0
"ARO:3003899",39.4914982638889,99.3459780092593,374.249930555556,36.5726446759259,86.1277760416667,168.055536458333,417.555041087963,1483.71652083333,188.979525462963,478.380072916667
"ARO:3003900",37.1513140890949,90.2097103512089,346.918068315665,33.0407740108451,84.8047589962664,68.6133790688636,168.352422945616,601.91332155477,96.5854940138411,238.677160081165
"ARO:3003902",0,0,0,0,0.666666666666667,0,0,0,0,0
"ARO:3003905",0,0,0,0,0.558680164979378,1.8716922679747,5.9608752832178,15.7106404199475,0.662068770180706,1.2472265064805
"ARO:3003922",2.05944991346665,4.59152449229386,13.2345860879563,1.95849164133739,1.65332246729781,1.50121777105904,3.67547887576083,10.748401470978,3.32546241637151,5.77687800339709
"ARO:3003923",2.23520915249963,4.37203456164148,14.9546498572788,1.45375090255144,1.92857426378241,2.63879877715785,5.35582128149345,19.5650468102101,2.88387536474245,5.7745774489785
"ARO:3003924",0.994549866730318,1.09849387225707,1.15174531351002,0,0.996358139215282,0,0,0,0,0
"ARO:3003925",0,1.00069847410273,1.3209219858156,0,0,0,0,0,0,0
"ARO:3003926",0,0,0,0,0,0,0.994395988707707,1.06366251375824,0,0
"ARO:3003940",10.6703516782825,21.2906299506104,57.737880112698,9.92768154107576,23.0228853207575,60.5607397489157,147.264760879183,432.465154503616,48.5132688492063,106.520762363799
"ARO:3003941",10.4303710084587,24.697414839619,88.2353750615985,11.0160487991537,27.3808071172417,42.9183909523198,104.106284286203,346.13573575847,51.0541632385056,116.399925085981
"ARO:3003948",0,0,0,0,1.30383083641896,3.35204840343825,6.49444313576029,20.5553996549741,3.71489794043418,8.67543843377387
"ARO:3003949",0,0,0.500440387541036,0,1.55192749394748,3.18025081119004,6.71039709944751,28.3526589254623,3.29279528903368,8.47240146392439
"ARO:3003950",28.1303476272156,66.4945688965123,248.742133790738,19.7615254431104,47.6334088050315,45.0112847341338,120.15126815323,418.547101200686,65.7532875929102,153.615414522584
"ARO:3003952",18.2684939172749,50.4010510948905,185.772481751825,15.2205291970803,41.8236733576642,31.1302591240876,83.7203540145985,289.114868004866,58.3639190997567,143.854319951338
"ARO:3003953",0,0,1.72214795440602,0,0,0,0,0,0,0
"ARO:3003954",0.500696621386277,0,1.28876359242851,1.19349777346262,2.31962060927578,0.50021509248977,1.55055167055167,3.37929706864238,2.38912352773739,7.00153923853924
"ARO:3003966",1.93727347519623,5.07141048679425,16.8538923538924,4.08686582711924,3.00220699512359,2.80483422211917,6.323945829486,18.134377354429,2.63605128795731,7.75962937025265
"ARO:3003968",2.64849888685175,4.82578502415459,13.1657608695652,1.57828282828283,2.86044977511244,3.79431675062972,11.9831309041835,38.7432856998074,3.11680503252311,4.86380757640981
"ARO:3003969",0,0,0,0,0.997863066828584,0,0,0,0,0
"ARO:3003970",0,1.11880492724391,2.18354677729678,0.551400076716532,1.11262758129599,0,0,1.16123988226637,1.00032010243278,0.988142292490119
"ARO:3003995",0,0,1.41992012931444,0,0,0,0,0,0,0
"ARO:3004033",0,0,0,0,0,0,0,0,0.499954549586401,0
"ARO:3004035",1.89465706707086,0,1.89465706707086,0,0,0,0,0,0,0
"ARO:3004036",0,0.550766283524904,0.550766283524904,0,0,0,0,0,0,0
"ARO:3004038",6.29587094755634,9.87538738738739,43.5135135135135,1.001001001001,2.47747747747748,0,0,2.36617940898097,0,0
"ARO:3004039",10.5070829095915,20.1225286028436,77.4141914693096,6.90449479128724,19.1365462274553,10.5552599231356,24.8056854508467,83.6054396365277,12.6760300673344,34.9780664441681
"ARO:3004041",2.41165067364544,5.73188666426887,14.3372489193999,2.30630675048276,2.64437471366589,2.676728859185,4.43703197387408,17.0176024857465,2.33791068291769,6.95865556257475
"ARO:3004042",0,0,0,0,0,0,0,0.664699157161469,0,0
"ARO:3004043",30.6008308207705,79.1310829145729,300.968658291457,29.2717311557789,63.7429179229481,110.0392319933,260.956281407035,954.70648241206,126.767775544389,325.850052763819
"ARO:3004045",25.4359429657795,61.4780126742712,221.910114068441,17.6388149556401,42.5482509505703,51.1939163498099,127.780245880862,464.745760456274,71.3772205323194,178.423485424588
"ARO:3004049",42.7039727891156,112.282666666667,400.742551020408,39.2468027210884,94.2119183673469,209.871444897959,506.452484353742,1854.17179863946,259.554465306122,655.430693877551
"ARO:3004054",3.44978670544166,7.48746902654867,30.5035840707965,1.00000668900795,2.83928019696038,1.68447458774602,2.00654409027121,5.61868860440473,0,0
"ARO:3004056",0.99965012245714,0.99965012245714,2.61547991653625,0,0,0,0,0,0,0
"ARO:3004058",2.45730780746005,3.1701982228298,4.040287727192,1.04588744588745,4.26193487415396,26.5923472633238,57.4239332096475,207.718712483689,6.60512304795426,18.6533847244374
"ARO:3004059",4.44627823577005,11.3152456757998,43.753620505673,1.00069847410273,3.29813627578691,1.34172397736228,1.91999621027557,5.33954787234043,0,0
"ARO:3004069",2.80417777777778,9.24540540540541,29.2666026666667,1.48263541666667,2.93119878373242,0.998941798941799,0,2.15898997995992,1.05347326336832,0.999572100984168
"ARO:3004072",2.62457930977309,6.38656038669099,21.9730179732685,1.24832999331997,1.65505139632499,1.08105757866818,1.52437512099918,3.10807763675499,0,1.00698910258328
"ARO:3004073",3.2013069646126,6.34147265463563,23.0754032057551,1.57002341920375,1.4961427490853,0.925078394792204,1.3395974557149,3.03691166494517,0,1.00082067295182
"ARO:3004074",2.35119731800766,8.0962358423714,25.95669989546,0.927138779603487,1.7187191901542,1.2749033202042,1.12932157892247,3.7031019025022,0.501180386237858,0.997765006385696
"ARO:3004075",2.88450001033872,8.441390930851,26.7704426032708,1.105042757452,1.65561901936058,0.919554808637474,1.34823747063963,3.45421389168768,0,0.918180433990209
"ARO:3004077",1.73538203907719,4.63311483031148,14.9735348675035,0.995095043329729,2.06382247459653,0.999387042613863,1.21937897758762,3.13103977128903,0,0.996214385335724
"ARO:3004085",0,0,0,0,0,0,0,0,13.1728656716418,34.2930149253731
"ARO:3004089",0.675295951850039,1.00208433541767,4.87936124530327,0,0,0,1.00329898309696,2.59615813165753,1.55096470004343,7.62034644463585
"ARO:3004097",0,0,0,0,0,1.97425570559899,1.943407960199,5.23944029850746,0.997685369941735,1.99537073988347
"ARO:3004107",4.67040399579862,5.94621217934855,24.8864118895966,0.671652219382351,1.39674264666382,0,1.0001877608793,3.00212314225053,1.00032663726931,2.00065327453862
"ARO:3004111",4.04095126965605,6.77049003322259,26.9414128728414,0.909951609509783,3.09364653243848,1.92529842125529,3.27089725708973,9.48820211376321,3.10155691142436,6.45591236494598
"ARO:3004114",10.190728980812,27.0707473245869,94.1052481884058,7.55661924389487,16.7042934782609,27.4602566141172,70.1447436319719,243.675364130435,27.5603188405797,77.816097826087
"ARO:3004118",0,0,0.999731615673645,0,0,0,0,0,0,0
"ARO:3004122",2.25730994152047,4.38708817204301,12.908240948814,1.4320987654321,2.01097393689986,1.98894365455503,3.66063356973995,11.3586976744186,1.31677554918816,3.51701631701632
"ARO:3004126",23.3625286532622,50.0674427512925,186.727184421042,22.1494916500063,54.6361834271487,97.5372361930945,239.324725513667,830.910683241034,105.628865143251,271.659261797219
"ARO:3004127",23.6110970196576,56.4446356855995,237.334204710355,20.8994415299904,49.9643792561551,82.6492830973015,220.427373100967,778.514308873765,118.630432255337,303.375852031981
"ARO:3004131",244.097486639947,601.687983471074,2254.0628088843,244.885840896669,589.810035014933,1070.67790931427,2648.50767606449,9521.69856060606,1188.6527238292,2973.55145798898
"ARO:3004133",0,0,1.00133511348465,1.35242564082677,2.77420744288763,0,0,0,0,0
"ARO:3004171",0,0,0,0,1.01222610352493,0,0,0,0,0
"ARO:3004174",0,0,0,1.00680272108844,0,0,0,0,0,0
"ARO:3004176",0.817576100445288,0.773199217079083,1.25798495572236,0,0,0,0,0,1.00021337885416,0
"ARO:3004177",0,0,0,0,0,0,0,0,0,2.73552905131852
"ARO:3004191",0,0,0,0,0,0,0,0,0.998721636305529,1.0004585434991
"ARO:3004289",0,0,0.499750124937531,0,0,0,0,0,0,0
"ARO:3004290",12.8218694885362,34.3306904761905,121.206666666667,9.77071604938271,22.981094356261,17.1126513694313,42.0233368606702,146.617259259259,34.3151728395062,86.8516931216931
"ARO:3004336",0,0.996362274648264,1.81649720820228,0,0,0,0,0,0,0
"ARO:3004338",0,0,1.00304926978013,0,0,0,0,0,0,0
"ARO:3004339",1.00304926978013,0,1.95562880987887,0,0.998659334044707,1.00304926978013,1.49898069312867,1.80414231074547,0,0
"ARO:3004349",1.00304926978013,2.62331989247312,4.98119949241969,1.00304926978013,1.00304926978013,0,0,0,0,0
"ARO:3004359",1.17156671205573,3.81363244176014,11.5438257309942,2.95859649122807,5.78890760233918,1.00250626566416,1.00250626566416,2.41429261226461,1.2006967774045,0.899115087966308
"ARO:3004442",8.01284159919028,18.2737268518519,57.8871234107242,8.35258654862579,15.4042807450628,5.41464104339797,11.2930468094039,26.9978390214964,4.03039668949772,6.70961257309942
"ARO:3004446",0,1.17195258642067,1.77365094914404,0,0,0,0,0,0,0
"ARO:3004453",0,0,1.00179268164083,0,1.00156243740235,1.00116499199068,1.00132608048497,4.03925522426096,0,1.00108336418864
"ARO:3004454",0.499544040339019,0.499544040339019,1.18498054598801,0,0,1.00160256410256,0.999088080678039,0.879742962056304,0,0
"ARO:3004458",0,0,0,0,0,0,0,0.500082487833045,0.816715162178012,1.97872074528516
"ARO:3004470",0,0,0,0,0,0,0,0,0.600468849268579,2.00646272423436
"ARO:3004480",0.998305153965531,2.74610154150441,8.64925280000464,1.3003449060839,1.91643902335726,1.17406991187082,2.43091332802418,6.11914386779242,1.42603382462489,1.6680402861389
"ARO:3004516",0,0,0.578297678730126,0.498581218545883,0.997162437091766,0,0,0,0,0
"ARO:3004546",4.03759112174954,7.11583325249782,22.1078320305124,3.17684223961879,7.90516789864811,4.50746855345912,11.2004740686143,48.4851456682852,4.60964035964036,7.73573541842773
"ARO:3004549",0,0,1.22014876680151,0.99958670934133,0.99958670934133,0,0,0,0,0
"ARO:3004550",0.908315123931679,3.28246461292736,6.56435443037975,1.00144207659029,1.59417531169696,0,0,0,0,0
"ARO:3004552",0,0,0,1.62748643761302,0.998842462940144,0,0,0,0,0
"ARO:3004574",0,0,0,0,0,0,0,1.00154601062042,0,0
"ARO:3004580",0,3.41712377191058,11.973710277138,1.00054029175755,1.6973468851664,1.08133158260601,4.72070749980691,14.2464803355621,3.20155513040889,6.3120173418236
"ARO:3004583",2.15454545454545,2.89696060606061,13.6226909090909,0.686868686868687,1.71212121212121,1.14113426455996,1.12554112554113,5.53031818181818,2.47576363636364,4.05151515151515
"ARO:3004588",2.27745904472247,4.16302688740167,14.2338029591476,1.57095559172286,3.40000317707423,2.3269372397263,4.72137079192779,14.6916952178739,3.55081310621049,8.3123078249375
"ARO:3004597",0,0,0.997538185578709,0,0,0,0,3.29664029354432,0.993769827619157,1.00480295813991
"ARO:3004601",0,0,0,0,0,0,0.581361548747166,0.581361548747166,0,0
"ARO:3004608",0,0,0,1.0035900233722,1.81374093129534,0,0,0,0,0
"ARO:3004611",19.7724597701149,49.5271724137931,182.960942528736,13.2655509578544,36.7663264367816,17.3218275862069,47.0395172413793,159.736735632184,43.917354789272,102.639748659004
"ARO:3004612",22.6934222797927,53.6927478411054,195.909135578584,17.0845906735751,43.0564766839378,41.9515440414508,96.3070699481865,345.379751295337,50.7624559585492,139.704455958549
"ARO:3004621",1.79030166718901,4.9354150136268,17.9385687086616,4.76917286843351,8.61616075774315,3.07638354676682,9.3294191884551,33.9781716425141,10.8093833023315,25.9449082900533
"ARO:3004623",0,0.691774134588244,0.97607487937575,2.07832868035868,3.45113655218185,11.5077321913481,24.6513735903488,91.7856299876363,26.7942417018155,61.2262724326552
"ARO:3004639",0,0,0,1.45405984354452,2.59183628503818,0.667516436334362,1.14061188677806,1.55075000361622,1.01786082407813,1.7291978449566
"ARO:3004650",0,1.00057175528874,3.6491440487001,0,0,3.92605298265676,2.91939233389198,17.192492447878,0,0
"ARO:3004654",1.76128959910289,1.93126315789474,7.27566091954023,1.4171473354232,2.13153456645464,2.78338731186893,4.77092439695645,12.1604771287825,2.45525155455059,4.85893785727457
"ARO:3004659",0.76776610773294,1.0014340535647,1.92441302260627,1.20316491864999,1.76646489149437,3.47480064847357,6.48990743439364,25.3761604865902,2.09479592590355,6.11642462660736
"ARO:3004667",0,0,0.500415059982862,0,0.500981721757788,0,0,0,0,0
"ARO:3004681",0,0.65978198508319,0.853753205240788,0,0.597628609676803,0,0,0,0,0
"ARO:3004683",0,1.00263781223084,0.872924850355406,3.16968647304379,6.77980445141795,2.7530487804878,7.55632321164563,25.2580658642594,2.08333333333333,4.79938436830835
"ARO:3004684",0,0,0,0,0,1.17705954390494,1.71661269309511,4.58672592592593,0.579381903833658,1.12444749276025
"ARO:3004720",0,1.88255613126079,7.30569948186529,0,0.999909099172802,0,2.9379646316738,4.98902640450709,1.99282582702272,1.95486723984133
